experiment,accuracy,macro_f1,weighted_f1,precision_0,recall_0,f1_0,precision_1,recall_1,f1_1,precision_2,recall_2,f1_2,precision_3,recall_3,f1_3,accuracy_0,accuracy_1,accuracy_2,accuracy_3
FULL_RF_400_depth15_bal_sub,0.6826388888888889,0.6004008332311979,0.6670967938455015,0.6395759717314488,0.4738219895287958,0.544360902255639,0.7187570367034452,0.8704663212435233,0.7873704982733103,0.609984399375975,0.6015384615384616,0.6057319907048799,0.6337579617834395,0.36614535418583255,0.4641399416909621,0.87375,0.7605555555555555,0.8586111111111111,0.8723611111111111
FULL_RF_600_depth15_bal_sub,0.6820833333333334,0.5987133774677502,0.6664861170079984,0.6341176470588236,0.47033158813263526,0.5400801603206413,0.7208672086720868,0.8704663212435233,0.7886349598517604,0.6077519379844961,0.6030769230769231,0.6054054054054054,0.6265822784810127,0.36430542778288866,0.4607329842931937,0.8725,0.7623611111111112,0.8580555555555556,0.87125
FULL_RF_500_depth10_bal_sub,0.6625,0.5957007340415046,0.6596018299053373,0.5471698113207547,0.5314136125654451,0.5391766268260292,0.7679528403001071,0.7815653122443414,0.7746992836869847,0.5674576271186441,0.6438461538461538,0.6032432432432432,0.5204545454545455,0.42134314627414904,0.46568378240976105,0.8554166666666667,0.7684722222222222,0.8470833333333333,0.8540277777777778
FULL_RF_600_depth15_minsamplw2,0.6663888888888889,0.5954672753859299,0.6617692600677276,0.5819672131147541,0.4956369982547993,0.5353440150801131,0.7586471944657955,0.8074720479956368,0.7822985468956407,0.5823353293413174,0.5984615384615385,0.590288315629742,0.4984771573604061,0.45170193192272307,0.47393822393822393,0.8630555555555556,0.7711111111111111,0.85,0.8486111111111111
FULL_ET_400_depthNone_bal_sub,0.6851388888888889,0.594042112631495,0.6628236649611446,0.6858710562414266,0.4363001745200698,0.5333333333333333,0.6934913703472655,0.9094627761112626,0.7869277961302501,0.6439929328621908,0.5607692307692308,0.5995065789473685,0.6962264150943396,0.33946642134314625,0.45640074211502785,0.8784722222222222,0.7491666666666666,0.8647222222222222,0.8779166666666667
FULL_RF_600_depth10_w2,0.6634722222222222,0.5933565703273224,0.6584871303418188,0.5864197530864198,0.4973821989528796,0.5382436260623229,0.7515923566878981,0.8044723206981184,0.7771338250790305,0.5748324646314222,0.5938461538461538,0.58418463866818,0.5052083333333334,0.44618215271389144,0.4738641914997557,0.8641666666666666,0.765,0.8473611111111111,0.8504166666666667
FULL_ET_400_depthNone,0.68125,0.5897897595018446,0.6597577179532322,0.6785714285714286,0.43106457242582896,0.5272145144076841,0.6965676984628343,0.9020998091082629,0.7861216730038023,0.6317157712305026,0.5607692307692308,0.5941320293398533,0.6572934973637962,0.34406623735050595,0.45169082125603865,0.8769444444444444,0.75,0.8616666666666667,0.8738888888888889
FULL_ET_400_depthNonew2,0.6816666666666666,0.5897531932109996,0.6594334645121765,0.6831275720164609,0.43455497382198954,0.5312,0.6929659778751827,0.9053722388873738,0.7850555686923623,0.6393298059964727,0.5576923076923077,0.5957271980279375,0.6684981684981685,0.3357865685372585,0.4470300061236987,0.8779166666666667,0.7475,0.8633333333333333,0.8745833333333334
FULL_CatBoost_depth6_lr0.05,0.6768055555555555,0.5889921398599255,0.6602837831130337,0.6184364060676779,0.462478184991274,0.5292061907139292,0.7185615367433549,0.8772838832833378,0.7900294695481336,0.6021505376344086,0.56,0.5803108808290155,0.6057838660578386,0.36614535418583255,0.45642201834862384,0.8690277777777777,0.7625,0.85375,0.8683333333333333
FULL_XGB_depth6_lr005,0.6755555555555556,0.5868585361844909,0.6588803972826717,0.6168981481481481,0.4650959860383944,0.5303482587064676,0.7174009790832221,0.8791928006544859,0.7900992525425806,0.6105354058721935,0.5438461538461539,0.5752644426362896,0.5847953216374269,0.36798528058877644,0.45172219085262566,0.8688888888888889,0.7620833333333333,0.855,0.8651388888888889
FULL_LGBM_learn0.05_700,0.6705555555555556,0.581150781911811,0.654388486521725,0.5940023068050749,0.4493891797556719,0.5116741182314953,0.7179084380610413,0.8723752386146714,0.7876400344700234,0.6068376068376068,0.5461538461538461,0.5748987854251012,0.5714285714285714,0.3716651333946642,0.4503901895206243,0.8634722222222222,0.7604166666666666,0.8541666666666666,0.8630555555555556
FULL_HGB_lr0.05_depth6_iter600,0.6656944444444445,0.577383757838722,0.6510323066205509,0.5895691609977324,0.4537521815008726,0.5128205128205128,0.7216636197440585,0.8611944368693755,0.7852791247047122,0.5904920767306089,0.5446153846153846,0.5666266506602641,0.5477792732166891,0.37442502299908004,0.4448087431693989,0.8627777777777778,0.7601388888888889,0.8495833333333334,0.8588888888888889
FULL_ET_800_depthNone_bal_sub,0.6355555555555555,0.5742655663130255,0.6374840769852551,0.5052790346907994,0.5846422338568935,0.5420711974110033,0.7772938443670151,0.7300245432233433,0.7529180143439741,0.5171957671957672,0.6015384615384616,0.5561877667140825,0.4869281045751634,0.41122355105795766,0.4458852867830424,0.8427777777777777,0.7559722222222223,0.8266666666666667,0.8456944444444444
FULL_ET_800_depthNonew2,0.6475,0.5688451300174413,0.6378257679011311,0.6094276094276094,0.4738219895287958,0.5331369661266568,0.715167339188227,0.8216525770384511,0.7647208121827411,0.5719237435008665,0.5076923076923077,0.5378973105134475,0.4734607218683652,0.41030358785648574,0.43962543124691966,0.8679166666666667,0.7425,0.8425,0.8420833333333333
FULL_MLP_64x32_relu,0.6543055555555556,0.5655666796207962,0.6426395638994761,0.5550935550935551,0.46596858638743455,0.5066413662239089,0.7359078915807148,0.8366512135260431,0.7830525778458397,0.5503048780487805,0.5553846153846154,0.552833078101072,0.5112285336856011,0.3560257589696412,0.4197396963123644,0.8555555555555555,0.7638888888888888,0.8377777777777777,0.8513888888888889
FULL_KNN_pca9_K21_dist,0.6423611111111112,0.5330003872201662,0.6126217918560035,0.6776729559748428,0.3760907504363002,0.4837261503928171,0.6576250753465943,0.8925552222525225,0.7572882924571958,0.5530629853321829,0.4930769230769231,0.5213501423342822,0.6542056074766355,0.2575896964121435,0.3696369636963696,0.8722222222222222,0.7086111111111111,0.8365277777777778,0.8673611111111111
FULL_KNN_pca5_K11_dist,0.6369444444444444,0.5315914637429464,0.6115753492292303,0.6206896551724138,0.39267015706806285,0.48102618920363444,0.6696072253728208,0.869375511317153,0.7565258661604176,0.5447019867549668,0.5061538461538462,0.5247208931419458,0.5731225296442688,0.2667893284268629,0.36409290646578785,0.8651388888888889,0.715,0.8344444444444444,0.8593055555555555
FULL_KNN_pca9_K11_dist,0.6369444444444444,0.5315914637429464,0.6115753492292303,0.6206896551724138,0.39267015706806285,0.48102618920363444,0.6696072253728208,0.869375511317153,0.7565258661604176,0.5447019867549668,0.5061538461538462,0.5247208931419458,0.5731225296442688,0.2667893284268629,0.36409290646578785,0.8651388888888889,0.715,0.8344444444444444,0.8593055555555555
FULL_ET_800_depthNone,0.58875,0.5263098595778338,0.5951187092837494,0.43889264010803514,0.5671902268760908,0.4948610582413399,0.7699907378820624,0.6801199890919007,0.7222704894294816,0.4597544338335607,0.5184615384615384,0.48734634851771513,0.4151873767258383,0.3873045078196872,0.4007615421227987,0.8156944444444445,0.7336111111111111,0.8030555555555555,0.8251388888888889
FULL_KNN_pca9_K5_dist,0.6155555555555555,0.5190837890824199,0.5982302331564953,0.564958283671037,0.41361256544502617,0.47758186397984886,0.678635953026197,0.8194709571857104,0.7424336009882644,0.510808646917534,0.4907692307692308,0.5005884660651235,0.4605263157894737,0.28978840846366144,0.3557312252964427,0.8559722222222222,0.7104166666666667,0.8231944444444445,0.8415277777777778
FULL_ET_500_depth12,0.57375,0.5116139331634088,0.5804895066452829,0.4323024054982818,0.5488656195462478,0.48366013071895425,0.7579340385812072,0.664303245159531,0.7080366225839267,0.4335297969875573,0.5092307692307693,0.4683409975238769,0.40239043824701193,0.3716651333946642,0.3864179818268771,0.8134722222222223,0.7209722222222222,0.79125,0.8218055555555556
FULL_ET_500_depth12w2,0.5958333333333333,0.4905907239985854,0.5758416250327063,0.6020583190394511,0.306282722513089,0.40601503759398494,0.6609873307121014,0.8251977092991546,0.734020618556701,0.5145145145145145,0.3953846153846154,0.44715093518921273,0.3836538461538462,0.3670653173873045,0.3751763046544429,0.8573611111111111,0.6954166666666667,0.8234722222222223,0.8154166666666667
FULL_KNN_pca5_K21_dist,0.6101388888888889,0.48842839718868153,0.5774424826111634,0.5240793201133145,0.3228621291448517,0.39956803455723544,0.642266586005243,0.8685574038723752,0.7384651054950151,0.5361010830324909,0.45692307692307693,0.49335548172757476,0.5714285714285714,0.22447102115915363,0.32232496697490093,0.8455555555555555,0.6866666666666666,0.8305555555555556,0.8575
FULL_SVM_rbf_pca9_C5,0.55625,0.4880055835657616,0.5612114996888716,0.3743560389238695,0.5706806282722513,0.45212582094711373,0.7456195244055068,0.6498500136351241,0.6944484919131575,0.4408817635270541,0.5076923076923077,0.4719342152306042,0.4052631578947368,0.28334866605335784,0.3335138061721711,0.7798611111111111,0.70875,0.7948611111111111,0.8290277777777778
FULL_KNN_pca5_K5_dist,0.5698611111111112,0.4649071148310882,0.5514084318069631,0.42905405405405406,0.3324607329842932,0.3746312684365782,0.6488135593220339,0.7829288246523043,0.7095897182402373,0.46950710108604843,0.4323076923076923,0.4501401682018422,0.41884057971014493,0.265869365225391,0.325267304445695,0.8233333333333334,0.6736111111111112,0.8093055555555555,0.8334722222222222
FULL_SVM_rbf_pca5_C5,0.5073611111111112,0.44828070660612934,0.5196846557351424,0.3074398249452954,0.49040139616055844,0.37794216543375925,0.7245068538950183,0.5909462776111263,0.6509462300991289,0.41466957153231665,0.43923076923076926,0.4265969368696302,0.351593625498008,0.3247470101195952,0.33763749402199905,0.7430555555555556,0.6772222222222222,0.7868055555555555,0.8076388888888889
FULL_SVM_rbf_pca9_C5_cal,0.5826388888888889,0.4429002956222611,0.5455984800548991,0.47607655502392343,0.3472949389179756,0.40161453077699294,0.6400162337662337,0.8601036269430051,0.7339150668993601,0.45217391304347826,0.36,0.4008565310492505,0.43640897755610975,0.1609935602575897,0.23521505376344087,0.8352777777777778,0.6823611111111111,0.8056944444444445,0.8419444444444445
FULL_SVM_rbf_pca3_C5,0.49069444444444443,0.4298587880899561,0.5000545137513742,0.3121629718394248,0.45462478184991273,0.37015985790408523,0.684887459807074,0.5808562857922007,0.628596724214254,0.3960255500354862,0.42923076923076925,0.4119601328903654,0.3201581027667984,0.2980680772769089,0.3087184373511196,0.75375,0.6504166666666666,0.77875,0.7984722222222222
FULL_SVM_rbf_pca5_C5_cal,0.5448611111111111,0.3699811634592446,0.4850160190985292,0.4909090909090909,0.1649214659685864,0.24689745264532986,0.5792378917378918,0.8871011726206709,0.7008510179898739,0.4065620542082739,0.21923076923076923,0.2848575712143928,0.39357429718875503,0.18031278748850046,0.2473186119873817,0.8398611111111111,0.6143055555555555,0.80125,0.8343055555555555
FULL_LR_pca9_C1_bal,0.38805555555555554,0.35820127559405274,0.40590988787938237,0.28282244071717755,0.42670157068062825,0.34017391304347827,0.646875,0.395145895827652,0.4906043676993398,0.3321256038647343,0.4230769230769231,0.3721244925575101,0.19428571428571428,0.281508739650414,0.2299023290758828,0.7365277777777778,0.5820833333333333,0.7422222222222222,0.7152777777777778
FULL_LR_pca5_C1_bal,0.3672222222222222,0.33893707236098547,0.38652912041842996,0.24835820895522387,0.36300174520069806,0.29493087557603687,0.631578947368421,0.37305699481865284,0.46905537459283386,0.3398576512455516,0.44076923076923075,0.38379102478231747,0.17154811715481172,0.2640294388224471,0.20797101449275363,0.72375,0.5698611111111112,0.7444444444444445,0.6963888888888888
FULL_LR_pca3_C1_bal,0.3634722222222222,0.33854604434871066,0.3833530964272009,0.26497005988023953,0.3089005235602094,0.2852538275584206,0.614098508811568,0.3706026724843196,0.46224489795918366,0.34068786502271253,0.40384615384615385,0.36958817317845827,0.17962085308056872,0.3486660533578657,0.2370972786987801,0.7536111111111111,0.5608333333333333,0.75125,0.66125
FULL_QDA_reg0.1,0.5338888888888889,0.2745760259831154,0.42023766986594613,0.5119047619047619,0.037521815008726006,0.06991869918699187,0.5391383495145631,0.9691846195800382,0.6928550540988401,0.5154639175257731,0.11538461538461539,0.18856065367693275,0.41630901287553645,0.08923643054277829,0.14696969696969697,0.8411111111111111,0.5623611111111111,0.8206944444444444,0.8436111111111111
FULL_LDA,0.52,0.25536533666406547,0.40604131545360567,0.29850746268656714,0.017452006980802792,0.03297609233305853,0.5340402643307207,0.9476411235342241,0.6831138195400039,0.44175824175824174,0.15461538461538463,0.22905982905982905,0.2807017543859649,0.04415823367065318,0.07631160572337042,0.8370833333333333,0.5522222222222222,0.8120833333333334,0.8386111111111111
FULL_LDA_shrinkage_auto,0.5205555555555555,0.25502370854860407,0.4059067013220077,0.3076923076923077,0.017452006980802792,0.03303055326176713,0.5338138322343199,0.9492773384237797,0.6833529642716922,0.4444444444444444,0.15384615384615385,0.22857142857142856,0.2865853658536585,0.04323827046918123,0.07513988808952837,0.8373611111111111,0.5519444444444445,0.8125,0.8393055555555555
FULL_SVM_rbf_pca3_C5_cal,0.5183333333333333,0.2268420617686302,0.38782366491397113,0.0,0.0,0.0,0.5275201914448101,0.9618216525770384,0.6813484014295373,0.39883268482490275,0.1576923076923077,0.22601984564498345,0.0,0.0,0.0,0.8408333333333333,0.5418055555555555,0.805,0.8490277777777778
FULL_GMM_4comp,0.20083333333333334,0.19950207209639909,0.20265695765106873,0.1617580425917535,0.31151832460732987,0.21294363256784968,0.40667196187450355,0.13962367057540223,0.20787657328461226,0.17535816618911174,0.2353846153846154,0.20098522167487684,0.13624937154348918,0.24931002759889603,0.17620286085825748,0.6334722222222222,0.45805555555555555,0.6620833333333334,0.6480555555555556
FULL_GMM_6comp,0.1425,0.10975092448456913,0.17022385835505446,0.171850699844479,0.19284467713787085,0.18174342105263158,0.43386243386243384,0.11180801745295882,0.17779705117085862,0.17600527356624918,0.2053846153846154,0.18956336528221512,0.10215482841181166,0.11775528978840846,0.1094017094017094,0.7236111111111111,0.47333333333333333,0.6829166666666666,0.7105555555555556
